id,sender_id,receiver_id,type,text,created_at,visible
1,537,968,message,Hello,2017-05-30 15:01:03,true
2,171,689,story,how are you?,2016-04-10 13:03:19,false
3,631,473,story,What's for dinner tonight?,2014-02-13 22:31:11,false
4,244,158,message,Just wanted to say hi!,2020-07-25 07:27:01,false
5,244,662,story,Can you pick up some milk on your way home?,2015-01-03 18:25:42,true
6,520,78,message,Just wanted to say hi!,2012-05-06 05:15:15,true
7,340,592,message,I'm running late,2010-09-11 16:15:47,false
8,938,701,message,I'm running late,2014-04-28 14:59:16,true
9,125,393,message,Hello,2017-11-29 18:24:32,false
10,928,656,message,how are you?,2020-05-22 18:58:12,false
11,859,702,message,how are you?,2020-12-25 13:28:03,false
12,668,4,message,What's for dinner tonight?,2011-04-16 14:34:05,true
13,876,765,message,Hello,2010-07-22 07:05:06,false
14,57,334,message,how are you?,2015-02-25 19:23:55,false
15,900,163,story,how are you?,2020-03-22 06:36:06,false
16,340,823,message,Just wanted to say hi!,2013-04-25 10:11:27,true
17,372,78,story,Can you pick up some milk on your way home?,2017-03-16 13:00:20,true
18,400,165,message,Hello,2015-07-23 13:46:50,false
19,515,596,message,Hello,2016-11-06 06:52:23,true
20,277,300,story,how are you?,2016-11-12 22:37:40,true
21,629,873,message,What's for dinner tonight?,2012-03-21 18:56:09,false
22,680,565,story,I'm running late,2013-09-09 04:00:23,true
23,905,313,story,Can you pick up some milk on your way home?,2010-05-11 22:49:20,false
24,684,414,message,how are you?,2013-09-18 06:16:28,false
25,794,625,story,What's for dinner tonight?,2018-03-07 02:56:18,false
26,682,733,message,Can you pick up some milk on your way home?,2016-08-21 10:28:27,false
27,85,232,message,Just wanted to say hi!,2017-02-22 14:53:45,false
28,749,898,story,Just wanted to say hi!,2010-08-31 05:23:08,true
29,828,846,message,Can you pick up some milk on your way home?,2010-05-30 22:55:14,false
30,356,653,message,I'm running late,2017-07-06 13:23:14,false
31,853,777,story,Can you pick up some milk on your way home?,2015-12-11 10:20:40,true
32,997,654,message,see you soon!,2012-02-27 03:24:48,false
33,645,37,message,Can you pick up some milk on your way home?,2015-09-12 10:02:37,false
34,481,465,message,Hello,2016-01-06 11:07:43,false
35,954,601,message,I'm running late,2010-03-27 00:32:10,false
36,172,191,message,What's for dinner tonight?,2010-05-23 18:06:09,false
37,246,395,message,Hello,2018-12-19 13:38:07,false
38,139,820,story,I'm running late,2016-05-07 22:23:58,false
39,542,106,story,I'm running late,2014-07-08 07:59:17,false
40,912,412,message,I'm running late,2012-10-11 17:24:13,true
41,65,46,message,Can you pick up some milk on your way home?,2018-07-10 11:20:39,true
42,316,982,story,Hello,2013-06-04 16:14:19,true
43,525,706,story,see you soon!,2012-05-10 15:01:54,false
44,631,155,story,Hello,2010-12-27 07:17:38,false
45,430,279,message,Can you pick up some milk on your way home?,2014-07-27 04:53:34,false
46,178,833,message,Just wanted to say hi!,2015-06-27 17:12:31,true
47,871,256,message,see you soon!,2019-04-06 12:22:01,true
48,878,263,story,Can you pick up some milk on your way home?,2019-04-25 07:29:18,false
49,220,216,story,Just wanted to say hi!,2020-08-09 15:12:35,false
50,948,334,message,What's for dinner tonight?,2018-02-25 18:47:26,true
51,464,396,message,What's for dinner tonight?,2019-04-04 02:32:53,false
52,416,548,message,What's for dinner tonight?,2015-10-18 22:28:28,true
53,90,268,message,Hello,2012-01-26 11:59:04,true
54,220,619,story,I'm running late,2019-10-12 20:24:55,true
55,174,207,story,Just wanted to say hi!,2013-10-06 15:25:50,false
56,598,751,message,Can you pick up some milk on your way home?,2015-08-02 22:25:23,true
57,214,354,message,see you soon!,2015-07-24 13:04:15,true
58,373,446,message,I'm running late,2019-10-10 14:38:58,false
59,848,214,story,What's for dinner tonight?,2017-08-15 01:56:16,true
60,801,945,story,Hello,2018-12-03 12:08:42,true
61,468,138,message,Just wanted to say hi!,2017-06-06 22:50:47,true
62,200,371,message,how are you?,2015-09-15 07:21:44,true
63,8,193,story,Just wanted to say hi!,2013-03-23 05:12:56,true
64,680,677,story,how are you?,2020-02-07 11:29:49,true
65,199,600,message,What's for dinner tonight?,2015-10-16 19:15:09,true
66,82,738,message,I'm running late,2020-09-07 14:46:06,true
67,686,112,message,What's for dinner tonight?,2018-02-10 18:03:42,true
68,842,749,story,Just wanted to say hi!,2014-06-23 04:09:57,true
69,392,428,story,see you soon!,2013-01-02 07:58:34,true
70,986,382,story,Just wanted to say hi!,2016-05-08 01:12:53,true
71,690,974,message,What's for dinner tonight?,2020-11-11 01:08:00,true
72,364,803,message,Just wanted to say hi!,2018-03-05 20:11:35,true
73,771,103,story,Hello,2015-01-07 20:39:09,false
74,476,606,message,Just wanted to say hi!,2010-08-03 16:21:18,false
75,20,776,story,Hello,2016-11-30 22:08:12,false
76,527,239,message,I'm running late,2016-01-09 17:29:07,false
77,448,311,message,Hello,2010-04-28 07:14:44,true
78,59,219,message,Just wanted to say hi!,2013-03-12 04:40:25,false
79,3,877,story,I'm running late,2014-03-14 03:02:32,false
80,428,684,story,What's for dinner tonight?,2018-09-19 21:12:42,true
81,377,353,message,see you soon!,2017-08-25 01:13:39,true
82,836,365,message,What's for dinner tonight?,2017-12-04 14:06:37,true
83,194,346,message,see you soon!,2018-03-08 13:22:25,false
84,804,831,story,Can you pick up some milk on your way home?,2019-02-22 14:24:29,false
85,145,805,message,Just wanted to say hi!,2018-12-19 00:16:18,true
86,621,586,story,I'm running late,2014-12-06 05:27:59,true
87,142,882,story,What's for dinner tonight?,2010-01-30 22:12:20,false
88,51,403,message,see you soon!,2014-10-27 21:26:36,true
89,554,560,story,I'm running late,2010-12-06 18:54:32,true
90,667,359,message,how are you?,2020-04-17 17:45:52,false
91,237,170,message,I'm running late,2010-09-25 19:43:55,true
92,379,431,message,What's for dinner tonight?,2020-09-19 16:11:20,true
93,259,171,story,Can you pick up some milk on your way home?,2019-11-21 22:09:35,true
94,113,782,message,Just wanted to say hi!,2014-03-04 06:45:25,false
95,905,204,message,I'm running late,2013-05-15 20:27:11,true
96,802,318,message,see you soon!,2012-09-02 04:53:53,false
97,376,625,message,how are you?,2013-05-14 23:36:01,false
98,45,852,story,Hello,2019-02-06 01:52:49,true
99,100,409,message,What's for dinner tonight?,2011-03-10 22:27:40,false
100,926,933,message,how are you?,2011-07-20 12:58:31,false
101,133,299,message,Hello,2018-10-20 20:57:02,true
102,849,296,message,What's for dinner tonight?,2011-10-21 17:50:49,false
103,451,780,story,I'm running late,2019-03-04 13:45:02,false
104,444,896,message,how are you?,2013-04-07 14:28:06,true
105,801,212,story,Can you pick up some milk on your way home?,2015-12-15 05:20:38,false
106,979,144,story,What's for dinner tonight?,2016-04-22 23:14:31,false
107,19,168,message,Can you pick up some milk on your way home?,2019-03-30 23:36:52,true
108,134,732,story,Can you pick up some milk on your way home?,2015-06-20 10:58:59,false
109,922,147,story,see you soon!,2014-09-09 21:31:20,true
110,997,88,message,Can you pick up some milk on your way home?,2020-10-29 08:45:31,true
111,660,986,message,I'm running late,2011-05-12 13:25:59,true
112,768,224,story,see you soon!,2020-09-18 09:01:45,false
113,129,349,message,What's for dinner tonight?,2014-12-21 09:54:38,false
114,660,245,message,how are you?,2012-09-19 06:26:49,true
115,93,921,message,Can you pick up some milk on your way home?,2018-04-26 07:05:47,false
116,781,621,message,What's for dinner tonight?,2011-11-13 03:31:46,true
117,515,285,message,What's for dinner tonight?,2016-04-20 01:01:32,true
118,481,956,story,how are you?,2010-12-12 18:22:34,true
119,409,678,message,What's for dinner tonight?,2017-07-29 03:39:55,true
120,97,680,story,how are you?,2014-08-20 09:09:10,true
121,162,129,message,What's for dinner tonight?,2011-08-22 12:33:38,true
122,762,902,message,Hello,2020-04-24 03:00:02,false
123,682,705,message,What's for dinner tonight?,2016-02-18 00:42:16,true
124,416,522,story,I'm running late,2017-12-22 08:17:38,true
125,741,614,story,Can you pick up some milk on your way home?,2019-12-25 09:56:30,true
126,141,644,story,Can you pick up some milk on your way home?,2010-01-27 11:44:02,true
127,413,615,story,Can you pick up some milk on your way home?,2020-07-05 14:55:54,false
128,658,717,story,see you soon!,2017-03-09 04:12:35,true
129,520,803,message,What's for dinner tonight?,2013-09-30 05:43:11,false
130,949,536,story,how are you?,2020-10-25 19:15:05,false
131,963,847,message,What's for dinner tonight?,2015-02-12 08:35:27,true
132,44,206,story,I'm running late,2017-12-07 01:29:51,false
133,451,192,message,see you soon!,2015-09-20 02:16:01,false
134,247,922,message,What's for dinner tonight?,2013-08-29 06:55:17,false
135,713,344,message,I'm running late,2012-06-12 01:08:01,true
136,193,260,story,see you soon!,2018-09-16 17:22:51,false
137,459,645,message,Hello,2011-12-10 14:08:04,false
138,120,535,story,see you soon!,2017-12-03 05:11:19,true
139,499,711,message,Just wanted to say hi!,2014-09-07 11:07:47,true
140,363,123,story,Hello,2016-09-10 03:04:04,false
141,773,907,story,how are you?,2014-05-12 01:24:05,true
142,403,122,story,Hello,2014-03-09 04:20:26,false
143,175,804,message,What's for dinner tonight?,2013-11-22 02:44:13,false
144,191,359,story,I'm running late,2012-07-25 22:12:00,false
145,807,810,story,how are you?,2019-07-19 01:34:23,true
146,128,58,story,how are you?,2019-04-14 09:19:53,true
147,138,542,story,Hello,2018-10-25 10:22:13,false
148,522,478,story,Hello,2012-10-11 06:01:59,true
149,798,472,story,Can you pick up some milk on your way home?,2019-03-13 14:41:43,false
150,915,460,story,Hello,2019-05-09 04:07:42,false
151,97,967,message,What's for dinner tonight?,2016-12-03 07:39:48,false
152,736,756,story,I'm running late,2020-12-01 00:22:19,false
153,421,947,message,Just wanted to say hi!,2019-05-09 04:05:12,false
154,204,780,message,Just wanted to say hi!,2014-05-26 00:47:35,true
155,125,536,story,Can you pick up some milk on your way home?,2019-06-29 13:57:57,false
156,766,101,story,Just wanted to say hi!,2014-04-25 16:51:43,true
157,744,790,message,Can you pick up some milk on your way home?,2020-12-10 05:45:31,false
158,89,621,message,Hello,2015-03-09 15:14:52,true
159,312,28,story,Just wanted to say hi!,2016-01-17 19:29:02,true
160,269,580,message,see you soon!,2012-09-13 13:05:00,true
161,758,984,story,how are you?,2012-11-02 17:34:06,false
162,848,441,story,I'm running late,2012-11-19 01:12:25,true
163,890,690,message,What's for dinner tonight?,2017-06-30 03:15:40,true
164,560,133,story,Hello,2011-12-24 13:48:52,false
165,885,726,story,Can you pick up some milk on your way home?,2018-12-09 20:20:46,false
166,390,210,message,Can you pick up some milk on your way home?,2010-04-26 14:05:39,true
167,330,720,message,What's for dinner tonight?,2012-12-30 05:16:05,true
168,971,839,message,see you soon!,2019-11-28 02:33:43,false
169,742,880,message,I'm running late,2011-10-20 09:07:54,true
170,478,91,message,see you soon!,2017-12-08 22:42:56,true
171,161,597,story,What's for dinner tonight?,2012-02-15 06:05:09,true
172,940,38,story,Can you pick up some milk on your way home?,2020-08-14 15:45:21,true
173,775,427,message,how are you?,2020-09-04 21:44:49,true
174,639,6,story,Hello,2013-05-02 03:41:27,false
175,2,402,story,Can you pick up some milk on your way home?,2014-09-08 07:50:30,false
176,776,496,story,Hello,2014-03-28 12:47:09,true
177,650,117,story,Can you pick up some milk on your way home?,2020-05-01 07:08:38,true
178,508,396,message,Just wanted to say hi!,2019-07-06 23:16:36,true
179,942,569,story,I'm running late,2016-04-09 16:19:17,true
180,823,953,story,see you soon!,2019-07-25 01:24:58,false
181,435,900,story,see you soon!,2010-06-30 01:31:49,false
182,819,563,message,Hello,2013-04-10 16:00:34,false
183,601,857,message,Just wanted to say hi!,2019-07-25 10:54:55,false
184,544,194,story,What's for dinner tonight?,2016-03-04 22:21:07,false
185,26,27,message,Just wanted to say hi!,2017-01-01 12:44:11,true
186,683,757,story,What's for dinner tonight?,2013-04-15 23:52:40,false
187,105,836,story,Can you pick up some milk on your way home?,2017-08-30 08:29:37,true
188,181,760,message,Hello,2015-05-24 05:47:53,true
189,319,439,story,I'm running late,2015-02-15 14:16:37,true
190,593,545,message,see you soon!,2019-03-19 03:08:20,false
191,915,373,story,Hello,2019-02-20 09:52:26,false
192,727,48,message,how are you?,2016-02-27 07:33:48,false
193,727,642,story,I'm running late,2019-04-30 00:47:37,false
194,401,456,story,Can you pick up some milk on your way home?,2012-02-24 16:39:34,false
195,166,482,message,how are you?,2014-07-18 10:08:33,true
196,310,741,story,Just wanted to say hi!,2016-02-01 23:48:43,false
197,207,442,message,Can you pick up some milk on your way home?,2015-01-10 00:13:26,false
198,75,735,message,Just wanted to say hi!,2015-03-20 06:56:52,false
199,914,177,story,Can you pick up some milk on your way home?,2018-02-07 15:40:34,true
200,624,494,story,I'm running late,2011-01-04 05:00:08,true
201,765,147,message,Hello,2016-04-01 02:36:10,true
202,968,372,story,how are you?,2010-12-07 15:33:56,true
203,271,944,message,Just wanted to say hi!,2019-12-14 11:53:22,true
204,388,859,message,Hello,2017-08-10 17:49:05,true
205,494,112,message,Hello,2020-05-20 11:17:33,false
206,886,190,message,Can you pick up some milk on your way home?,2014-06-11 05:03:50,true
207,588,952,story,how are you?,2015-03-08 03:32:37,true
208,292,695,message,What's for dinner tonight?,2017-03-03 05:47:13,true
209,559,843,message,Hello,2010-01-07 16:27:10,false
210,195,229,message,Can you pick up some milk on your way home?,2019-11-23 02:33:11,false
211,278,104,message,Just wanted to say hi!,2014-08-11 15:22:32,true
212,444,294,story,I'm running late,2019-04-29 04:18:39,true
213,96,898,story,Can you pick up some milk on your way home?,2019-08-30 22:42:04,true
214,849,552,message,Hello,2019-09-14 11:35:22,false
215,402,296,story,What's for dinner tonight?,2018-03-17 00:21:29,true
216,810,64,message,how are you?,2015-05-15 16:53:14,false
217,174,803,message,What's for dinner tonight?,2014-10-27 07:42:26,false
218,705,676,story,how are you?,2016-11-04 13:22:45,false
219,383,635,message,I'm running late,2012-08-21 06:17:59,true
220,587,367,message,see you soon!,2020-02-19 01:56:01,false
221,368,41,message,see you soon!,2014-08-05 20:24:18,false
222,295,474,story,Can you pick up some milk on your way home?,2013-08-10 22:57:26,true
223,503,69,story,see you soon!,2010-05-01 21:27:42,false
224,814,527,message,how are you?,2017-03-21 05:25:36,false
225,526,87,message,Can you pick up some milk on your way home?,2014-01-15 06:34:11,false
226,117,264,message,see you soon!,2013-07-23 02:26:40,false
227,558,339,message,Hello,2017-12-14 09:10:16,false
228,29,989,story,see you soon!,2017-09-15 21:23:49,true
229,919,819,story,I'm running late,2010-03-02 10:51:02,false
230,968,933,story,Can you pick up some milk on your way home?,2013-04-12 08:45:44,true
231,231,61,message,Just wanted to say hi!,2015-08-22 06:19:24,true
232,751,878,message,how are you?,2016-12-25 16:31:18,true
233,99,641,message,how are you?,2010-09-13 18:50:50,false
234,816,54,story,Just wanted to say hi!,2011-12-31 20:18:40,false
235,444,47,message,see you soon!,2013-11-11 09:38:14,false
236,784,394,message,Hello,2018-07-08 02:52:36,true
237,275,229,message,What's for dinner tonight?,2010-03-21 16:45:01,true
238,626,912,story,What's for dinner tonight?,2011-12-11 03:06:42,true
239,40,76,message,Can you pick up some milk on your way home?,2010-10-14 17:25:49,false
240,77,832,message,Hello,2014-01-26 15:27:59,true
241,954,592,story,Hello,2011-12-03 21:30:53,false
242,681,518,message,Hello,2013-08-06 10:18:02,false
243,107,494,message,What's for dinner tonight?,2014-10-25 16:33:54,false
244,38,9,story,how are you?,2016-10-07 00:37:07,false
245,469,507,story,how are you?,2017-08-02 13:28:58,false
246,844,215,message,I'm running late,2013-10-15 08:42:24,true
247,808,720,message,Just wanted to say hi!,2016-01-06 08:48:44,false
248,972,348,message,What's for dinner tonight?,2013-01-10 17:43:16,false
249,770,715,story,see you soon!,2012-04-07 18:24:39,true
250,943,429,message,Can you pick up some milk on your way home?,2019-03-29 11:34:33,true
251,121,41,story,Just wanted to say hi!,2019-01-14 14:24:35,true
252,273,985,story,Can you pick up some milk on your way home?,2016-09-28 06:00:51,true
253,727,336,message,Hello,2018-10-18 09:19:10,true
254,474,930,story,I'm running late,2016-07-25 11:48:16,true
255,553,671,message,see you soon!,2019-09-29 22:03:05,true
256,595,722,story,Can you pick up some milk on your way home?,2014-09-11 01:31:20,true
257,141,205,story,What's for dinner tonight?,2016-03-25 15:25:14,false
258,650,735,message,Can you pick up some milk on your way home?,2012-08-14 05:00:51,false
259,259,626,message,I'm running late,2017-09-22 17:38:20,false
260,248,109,story,Hello,2017-09-23 12:20:50,true
261,347,552,message,how are you?,2018-02-21 19:33:41,false
262,683,742,message,how are you?,2019-07-17 20:22:27,false
263,202,892,message,I'm running late,2015-03-31 16:53:17,false
264,66,737,message,What's for dinner tonight?,2018-04-17 05:54:50,false
265,428,683,story,see you soon!,2015-12-31 10:47:58,false
266,774,18,story,Just wanted to say hi!,2011-04-29 00:23:27,false
267,232,476,message,What's for dinner tonight?,2011-10-13 12:34:54,true
268,488,832,message,Hello,2011-04-01 02:02:31,false
269,49,197,story,see you soon!,2020-02-05 22:52:25,false
270,299,890,story,What's for dinner tonight?,2016-07-14 00:03:19,true
271,184,347,story,Just wanted to say hi!,2014-09-19 19:41:56,false
272,133,328,message,see you soon!,2018-10-31 04:33:21,false
273,180,737,story,I'm running late,2012-04-11 19:39:39,true
274,397,65,story,Can you pick up some milk on your way home?,2011-01-24 01:11:38,true
275,643,520,message,I'm running late,2015-08-09 12:16:37,false
276,137,70,message,Hello,2017-07-21 04:37:43,true
277,796,694,message,What's for dinner tonight?,2017-09-02 04:25:33,true
278,831,765,story,Hello,2015-05-22 06:30:29,false
279,808,553,story,Hello,2016-05-11 13:54:46,true
280,391,260,story,Just wanted to say hi!,2014-02-03 09:34:14,true
281,222,560,story,What's for dinner tonight?,2018-10-21 00:28:11,false
282,316,513,story,how are you?,2020-01-16 15:47:26,true
283,466,904,story,see you soon!,2010-07-03 18:45:09,true
284,747,454,story,Can you pick up some milk on your way home?,2014-09-06 10:32:21,true
285,389,154,message,see you soon!,2014-12-05 04:18:20,false
286,445,213,message,What's for dinner tonight?,2011-11-03 21:31:12,true
287,817,475,story,I'm running late,2014-10-22 06:40:26,true
288,138,368,message,Hello,2013-10-27 03:47:37,false
289,898,549,story,Just wanted to say hi!,2018-04-08 04:56:35,true
290,164,70,story,see you soon!,2013-11-20 23:59:05,true
291,684,641,story,how are you?,2016-08-04 00:57:30,false
292,768,705,message,Hello,2010-08-19 17:42:55,true
293,170,535,message,What's for dinner tonight?,2018-10-13 07:41:43,false
294,105,718,message,What's for dinner tonight?,2016-03-05 13:29:29,true
295,610,681,message,What's for dinner tonight?,2020-03-28 10:41:55,false
296,452,96,message,I'm running late,2017-11-02 07:31:51,false
297,357,232,story,Just wanted to say hi!,2014-12-19 06:46:09,false
298,694,892,story,What's for dinner tonight?,2017-08-18 10:14:18,false
299,469,74,story,Just wanted to say hi!,2019-07-10 06:17:07,false
300,772,92,story,Can you pick up some milk on your way home?,2016-08-26 09:26:03,false
301,816,718,message,I'm running late,2011-07-29 13:10:29,false
302,806,433,story,see you soon!,2019-01-03 19:58:07,true
303,405,690,message,see you soon!,2019-02-03 03:21:04,true
304,390,569,message,how are you?,2012-08-13 21:35:53,false
305,889,156,story,Just wanted to say hi!,2010-10-03 13:45:35,true
306,801,411,story,I'm running late,2018-07-26 15:42:37,true
307,380,301,story,how are you?,2016-02-16 22:54:02,false
308,795,794,message,Can you pick up some milk on your way home?,2010-05-07 22:44:03,true
309,867,510,message,I'm running late,2011-06-08 07:54:40,true
310,567,130,message,see you soon!,2018-08-12 07:14:34,true
311,866,751,message,What's for dinner tonight?,2019-09-18 13:48:47,false
312,13,731,story,how are you?,2012-11-11 08:49:32,false
313,932,737,story,Can you pick up some milk on your way home?,2020-01-15 15:35:41,true
314,456,105,message,Just wanted to say hi!,2016-03-08 18:24:53,false
315,463,963,message,I'm running late,2019-07-31 17:45:44,true
316,747,637,story,I'm running late,2017-08-27 19:34:37,true
317,222,806,message,What's for dinner tonight?,2020-01-30 06:14:05,true
318,175,920,story,I'm running late,2015-04-12 21:55:11,false
319,893,856,story,Just wanted to say hi!,2018-05-22 18:36:45,false
320,942,220,message,What's for dinner tonight?,2014-10-14 04:40:30,false
321,638,262,message,Can you pick up some milk on your way home?,2014-04-13 19:32:04,true
322,882,782,message,see you soon!,2020-03-22 05:46:37,true
323,711,79,message,Can you pick up some milk on your way home?,2019-11-09 06:38:53,false
324,352,41,story,how are you?,2016-12-08 16:25:34,true
325,423,43,message,how are you?,2013-10-24 07:08:36,true
326,50,931,story,Just wanted to say hi!,2019-03-17 10:03:29,true
327,672,499,message,What's for dinner tonight?,2015-07-01 01:02:39,true
328,791,670,message,Can you pick up some milk on your way home?,2018-06-25 00:22:37,false
329,838,966,message,Hello,2020-11-06 16:23:26,false
330,468,171,story,how are you?,2011-02-12 23:49:36,true
331,666,550,story,Hello,2013-10-13 13:23:23,true
332,920,418,message,Just wanted to say hi!,2013-06-08 12:45:28,true
333,687,584,story,see you soon!,2014-07-18 17:02:32,false
334,261,278,message,Can you pick up some milk on your way home?,2018-01-09 20:05:53,true
335,339,690,message,see you soon!,2018-12-21 05:35:12,true
336,422,750,story,Can you pick up some milk on your way home?,2017-01-20 21:47:07,true
337,218,40,story,Hello,2016-06-01 13:10:22,true
338,618,300,story,see you soon!,2017-02-16 11:42:13,false
339,225,275,story,I'm running late,2013-05-17 18:52:15,false
340,148,483,story,how are you?,2017-06-02 20:15:09,false
341,504,166,message,Just wanted to say hi!,2020-02-03 22:01:48,false
342,850,504,message,how are you?,2011-05-21 20:40:58,false
343,469,788,story,I'm running late,2013-10-07 14:38:46,false
344,191,844,message,Hello,2016-10-28 11:28:24,true
345,906,463,story,Just wanted to say hi!,2011-02-07 18:05:46,false
346,102,502,message,Just wanted to say hi!,2011-08-11 19:42:23,true
347,343,697,message,see you soon!,2012-08-02 13:25:51,false
348,508,763,message,Just wanted to say hi!,2018-12-16 06:09:31,true
349,190,622,message,Hello,2013-12-01 05:29:13,true
350,653,799,story,Hello,2013-02-12 12:53:38,false
351,532,951,story,I'm running late,2015-09-12 02:20:50,true
352,925,287,story,What's for dinner tonight?,2018-01-28 13:21:10,true
353,282,45,message,Just wanted to say hi!,2014-12-15 20:04:43,true
354,587,108,message,Can you pick up some milk on your way home?,2014-01-01 09:06:31,true
355,978,316,story,Just wanted to say hi!,2018-05-26 08:59:46,false
356,860,527,story,What's for dinner tonight?,2016-05-03 01:45:29,false
357,743,437,message,see you soon!,2019-07-27 21:53:49,false
358,856,904,story,What's for dinner tonight?,2014-04-23 15:26:06,true
359,134,709,message,I'm running late,2015-10-13 20:30:46,true
360,397,687,story,What's for dinner tonight?,2014-01-21 07:06:22,true
361,568,5,story,Can you pick up some milk on your way home?,2013-08-11 21:24:33,false
362,747,464,story,I'm running late,2013-02-18 12:17:26,false
363,287,365,story,how are you?,2011-07-13 03:34:23,true
364,539,817,message,Hello,2014-11-01 23:11:21,true
365,266,205,message,how are you?,2015-06-09 17:38:06,true
366,375,158,message,Just wanted to say hi!,2015-05-06 14:58:32,true
367,536,760,story,Can you pick up some milk on your way home?,2012-06-10 16:14:56,true
368,895,24,message,how are you?,2011-12-18 07:01:11,false
369,787,89,message,Just wanted to say hi!,2020-07-22 20:24:59,false
370,549,396,message,Just wanted to say hi!,2018-10-24 14:26:34,true
371,391,999,story,I'm running late,2018-07-26 19:57:07,true
372,397,904,story,how are you?,2012-05-02 04:26:32,true
373,740,730,story,I'm running late,2016-03-30 15:34:02,true
374,264,992,story,Just wanted to say hi!,2011-08-16 07:38:39,true
375,448,920,message,Hello,2011-09-18 12:06:42,false
376,840,991,message,see you soon!,2018-06-13 14:03:38,true
377,70,915,story,I'm running late,2018-08-15 20:47:31,false
378,425,914,story,Can you pick up some milk on your way home?,2018-06-02 10:21:23,false
379,507,874,message,see you soon!,2010-11-19 13:03:50,true
380,125,580,story,What's for dinner tonight?,2016-12-04 09:29:05,true
381,960,306,message,see you soon!,2014-07-25 10:34:12,false
382,65,3,message,see you soon!,2020-08-19 19:52:40,true
383,406,457,story,see you soon!,2016-08-07 20:00:37,false
384,497,738,message,how are you?,2014-05-22 13:17:17,false
385,952,923,message,Hello,2014-08-31 05:26:18,true
386,517,824,story,What's for dinner tonight?,2020-04-26 08:36:48,true
387,682,952,message,see you soon!,2014-02-18 10:29:54,false
388,307,851,message,Hello,2011-06-28 03:27:29,true
389,97,271,message,I'm running late,2015-10-04 18:00:45,true
390,436,712,story,Can you pick up some milk on your way home?,2013-03-06 12:02:03,false
391,348,895,message,Just wanted to say hi!,2013-09-29 21:37:44,false
392,597,483,story,how are you?,2012-01-04 22:54:11,false
393,585,183,story,Just wanted to say hi!,2016-11-11 16:42:40,true
394,476,477,story,What's for dinner tonight?,2011-11-04 01:13:28,false
395,137,53,message,Can you pick up some milk on your way home?,2016-09-13 05:15:21,true
396,34,777,message,Can you pick up some milk on your way home?,2016-11-04 13:52:19,true
397,352,575,story,see you soon!,2016-10-02 21:47:14,true
398,217,843,message,Can you pick up some milk on your way home?,2010-11-06 08:50:11,false
399,137,223,message,What's for dinner tonight?,2015-05-02 14:44:51,false
400,720,576,message,Hello,2014-01-15 04:31:10,false
401,335,691,story,Hello,2014-02-05 23:14:38,true
402,7,198,message,Hello,2014-11-22 03:23:38,false
403,114,623,message,Can you pick up some milk on your way home?,2014-12-26 03:18:27,true
404,166,29,story,how are you?,2016-08-17 13:53:26,true
405,724,25,story,Can you pick up some milk on your way home?,2017-02-25 18:19:48,false
406,368,335,story,I'm running late,2017-03-08 14:23:05,false
407,960,170,story,Just wanted to say hi!,2011-06-04 15:25:35,true
408,476,472,message,I'm running late,2017-10-23 23:43:54,false
409,895,55,message,see you soon!,2017-03-31 21:26:18,true
410,194,202,message,What's for dinner tonight?,2012-08-23 12:53:18,true
411,88,374,message,Just wanted to say hi!,2012-08-28 18:32:01,true
412,434,759,message,Can you pick up some milk on your way home?,2010-03-04 13:42:55,false
413,76,719,story,how are you?,2015-12-23 20:31:22,false
414,386,469,story,Can you pick up some milk on your way home?,2020-04-03 04:20:15,true
415,229,857,message,how are you?,2014-03-02 00:23:14,true
416,604,210,message,see you soon!,2015-06-07 14:45:54,false
417,41,655,story,Can you pick up some milk on your way home?,2014-12-31 18:50:54,true
418,102,559,message,What's for dinner tonight?,2011-05-13 04:21:41,true
419,462,318,story,I'm running late,2020-02-14 04:37:51,true
420,417,561,story,Hello,2014-12-04 10:28:45,true
421,902,96,message,What's for dinner tonight?,2019-03-31 15:30:58,false
422,501,117,message,how are you?,2013-04-03 05:01:03,false
423,588,550,message,I'm running late,2014-03-17 16:34:21,false
424,437,122,message,see you soon!,2010-06-22 15:47:52,false
425,307,834,message,Hello,2019-08-12 00:15:32,false
426,93,144,story,Hello,2015-11-18 23:34:20,true
427,112,84,story,Can you pick up some milk on your way home?,2013-07-03 22:24:20,false
428,522,872,message,how are you?,2016-11-28 09:32:59,false
429,326,151,story,see you soon!,2014-05-31 14:27:59,true
430,368,368,message,Hello,2016-01-23 19:04:30,true
431,536,412,story,see you soon!,2018-06-02 06:34:51,true
432,917,637,message,Hello,2011-07-05 13:05:45,true
433,957,338,message,see you soon!,2018-07-22 23:40:23,false
434,230,484,message,What's for dinner tonight?,2012-07-25 04:16:32,false
435,687,900,story,Hello,2011-11-04 22:05:06,true
436,145,542,message,Just wanted to say hi!,2012-12-06 00:55:34,false
437,552,153,story,Hello,2015-09-14 07:16:34,true
438,329,598,message,Can you pick up some milk on your way home?,2013-03-28 04:30:59,false
439,734,308,message,I'm running late,2016-12-13 15:42:03,false
440,969,89,message,how are you?,2017-08-06 19:47:03,true
441,80,286,story,I'm running late,2019-02-06 04:35:45,true
442,661,853,story,how are you?,2019-12-11 20:11:20,true
443,107,708,story,I'm running late,2017-01-08 17:13:03,false
444,620,484,story,see you soon!,2013-06-02 02:59:27,false
445,952,164,message,Can you pick up some milk on your way home?,2016-09-26 08:05:39,false
446,435,995,message,how are you?,2016-02-15 09:52:32,false
447,130,532,message,see you soon!,2014-09-02 07:17:44,true
448,844,860,message,Just wanted to say hi!,2017-07-26 01:11:44,true
449,380,879,story,I'm running late,2019-05-24 22:50:08,true
450,549,724,story,Can you pick up some milk on your way home?,2017-05-22 18:35:48,false
451,577,148,story,Hello,2014-05-31 20:22:22,false
452,787,92,message,how are you?,2018-05-28 09:35:39,false
453,233,361,story,Can you pick up some milk on your way home?,2019-10-01 03:18:26,false
454,804,852,message,how are you?,2011-09-23 13:54:39,true
455,814,965,story,Can you pick up some milk on your way home?,2016-01-12 11:59:02,true
456,34,42,story,Can you pick up some milk on your way home?,2011-07-01 20:11:55,true
457,75,575,message,Hello,2017-05-05 15:24:20,true
458,194,936,story,how are you?,2019-07-20 03:37:19,true
459,130,441,message,see you soon!,2017-02-01 18:13:46,true
460,698,108,message,Just wanted to say hi!,2014-12-24 08:10:51,false
461,603,811,story,Hello,2012-10-10 21:42:49,true
462,391,662,story,What's for dinner tonight?,2015-10-22 15:31:59,true
463,776,706,story,Just wanted to say hi!,2019-06-10 20:22:25,true
464,698,674,story,Can you pick up some milk on your way home?,2020-05-12 11:39:50,true
465,49,157,message,What's for dinner tonight?,2011-04-11 14:58:09,true
466,309,687,message,see you soon!,2010-01-05 21:04:33,true
467,332,202,message,Can you pick up some milk on your way home?,2010-05-31 19:29:23,false
468,483,51,message,see you soon!,2012-06-29 07:12:36,false
469,749,508,message,see you soon!,2012-10-28 17:45:38,false
470,789,363,message,how are you?,2013-06-13 15:53:26,false
471,274,56,message,how are you?,2012-08-07 23:32:42,true
472,90,214,story,Hello,2015-07-30 16:16:10,true
473,342,329,message,I'm running late,2010-12-23 17:49:36,true
474,357,976,story,how are you?,2013-12-15 10:54:59,false
475,695,975,message,Just wanted to say hi!,2019-03-02 13:58:22,false
476,60,824,message,What's for dinner tonight?,2014-03-18 02:14:29,true
477,113,44,message,I'm running late,2015-04-20 10:31:53,false
478,590,584,message,I'm running late,2012-01-05 23:16:54,false
479,645,888,story,Can you pick up some milk on your way home?,2018-07-18 07:17:52,false
480,289,468,story,how are you?,2010-12-05 20:00:19,true
481,765,662,message,I'm running late,2018-01-31 23:53:56,false
482,238,971,message,Can you pick up some milk on your way home?,2016-09-24 15:28:23,true
483,87,499,message,see you soon!,2011-02-28 10:41:41,true
484,123,41,message,Can you pick up some milk on your way home?,2020-09-02 15:19:17,true
485,734,119,message,how are you?,2010-08-05 23:02:52,false
486,98,864,story,What's for dinner tonight?,2016-03-06 15:18:42,false
487,595,221,story,Hello,2020-03-11 15:38:01,true
488,87,408,story,Can you pick up some milk on your way home?,2018-05-30 14:49:51,true
489,407,438,message,I'm running late,2013-05-24 13:46:13,false
490,661,593,story,Just wanted to say hi!,2018-07-25 20:33:15,true
491,80,102,message,Just wanted to say hi!,2018-04-01 04:59:54,false
492,675,799,story,how are you?,2020-08-10 23:57:27,false
493,85,269,message,see you soon!,2014-09-14 14:26:16,false
494,209,723,story,Just wanted to say hi!,2010-05-09 01:11:28,true
495,951,600,message,I'm running late,2013-08-20 04:38:39,false
496,948,361,story,Just wanted to say hi!,2011-04-19 00:10:41,false
497,340,349,story,Just wanted to say hi!,2013-04-11 12:43:16,true
498,567,669,message,What's for dinner tonight?,2014-07-29 09:43:12,false
499,31,960,story,Hello,2012-03-21 01:08:37,true
500,270,39,message,Can you pick up some milk on your way home?,2017-09-29 18:27:31,true
501,484,624,story,What's for dinner tonight?,2012-02-21 04:13:05,false
502,854,298,message,I'm running late,2010-09-24 18:49:50,true
503,969,383,story,see you soon!,2018-08-13 01:34:54,true
504,472,366,story,I'm running late,2019-04-30 23:20:07,false
505,517,370,message,Just wanted to say hi!,2019-11-01 16:44:00,false
506,625,750,story,Can you pick up some milk on your way home?,2019-08-12 17:44:15,false
507,997,519,story,see you soon!,2016-02-29 05:00:27,true
508,126,418,message,Hello,2014-04-29 02:28:21,true
509,486,648,story,Hello,2018-08-17 21:44:46,false
510,981,43,story,how are you?,2019-06-24 01:29:59,true
511,154,267,story,see you soon!,2018-07-17 03:42:33,true
512,763,603,message,see you soon!,2013-11-22 09:53:00,true
513,534,487,story,I'm running late,2011-06-11 07:58:32,false
514,492,900,story,What's for dinner tonight?,2016-07-21 04:36:39,true
515,685,724,message,Just wanted to say hi!,2016-04-12 14:21:58,true
516,95,124,message,Can you pick up some milk on your way home?,2017-06-13 16:04:18,true
517,553,119,message,Can you pick up some milk on your way home?,2017-02-21 11:39:35,false
518,417,41,message,how are you?,2013-02-06 07:23:36,true
519,355,749,message,see you soon!,2014-04-14 22:26:19,true
520,887,781,message,I'm running late,2011-03-01 13:41:22,true
521,303,63,message,Can you pick up some milk on your way home?,2018-04-02 08:34:24,true
522,443,26,message,see you soon!,2016-03-30 05:35:14,true
523,6,719,message,Hello,2018-01-07 20:43:52,true
524,766,154,story,What's for dinner tonight?,2017-07-13 13:01:46,false
525,72,840,story,I'm running late,2020-08-04 14:50:17,false
526,806,736,message,Can you pick up some milk on your way home?,2013-05-01 05:11:43,true
527,450,972,story,Hello,2011-05-29 20:58:59,true
528,862,69,message,how are you?,2013-07-08 00:14:12,true
529,273,159,story,Just wanted to say hi!,2010-02-05 19:21:43,true
530,402,445,message,I'm running late,2010-11-05 17:36:13,true
531,125,281,message,Can you pick up some milk on your way home?,2015-12-14 03:56:03,true
532,900,417,message,Can you pick up some milk on your way home?,2010-08-23 18:11:57,false
533,991,781,story,see you soon!,2019-12-26 14:23:27,true
534,982,935,message,see you soon!,2014-12-04 17:40:34,false
535,291,786,message,Can you pick up some milk on your way home?,2011-08-17 08:51:24,true
536,971,936,message,Just wanted to say hi!,2020-04-07 12:51:09,true
537,803,82,message,What's for dinner tonight?,2010-07-23 19:18:16,false
538,132,580,message,Can you pick up some milk on your way home?,2017-03-15 20:51:56,true
539,720,571,story,Just wanted to say hi!,2015-01-21 09:53:09,true
540,451,640,story,What's for dinner tonight?,2014-03-24 14:59:25,true
541,815,703,message,Hello,2014-01-05 13:50:00,true
542,284,503,story,What's for dinner tonight?,2017-07-18 12:11:05,false
543,752,592,story,I'm running late,2015-05-26 23:00:15,false
544,894,433,story,how are you?,2020-07-08 10:41:31,false
545,763,378,message,see you soon!,2012-06-15 19:01:59,false
546,256,758,message,how are you?,2010-07-01 15:43:42,false
547,368,252,message,Can you pick up some milk on your way home?,2015-02-17 14:57:49,false
548,110,499,story,Hello,2014-07-07 13:02:06,false
549,115,210,story,see you soon!,2015-10-16 04:21:08,true
550,445,665,message,Just wanted to say hi!,2014-03-12 17:45:19,true
551,614,263,message,Hello,2010-02-23 10:04:32,false
552,62,872,story,I'm running late,2020-02-27 02:07:02,true
553,21,200,message,see you soon!,2012-12-17 05:38:05,false
554,111,229,story,Hello,2018-03-02 17:36:52,false
555,154,711,story,Hello,2012-07-28 04:26:08,true
556,504,800,message,how are you?,2015-03-04 20:45:41,false
557,390,856,message,Just wanted to say hi!,2011-01-10 14:49:42,true
558,242,38,message,how are you?,2018-05-26 06:25:25,true
559,636,129,message,I'm running late,2017-10-12 08:56:00,true
560,320,26,message,Can you pick up some milk on your way home?,2010-03-08 14:38:28,false
561,890,234,story,Hello,2011-03-11 06:03:05,false
562,292,369,story,Just wanted to say hi!,2020-03-23 21:22:57,false
563,184,137,message,I'm running late,2014-12-02 07:02:17,true
564,573,420,story,Hello,2020-12-16 12:01:40,true
565,257,951,message,What's for dinner tonight?,2010-09-29 14:54:17,false
566,355,112,message,I'm running late,2013-07-21 14:32:14,true
567,879,916,message,Just wanted to say hi!,2019-08-10 14:45:18,true
568,253,238,message,I'm running late,2013-09-07 02:00:00,true
569,476,891,message,how are you?,2015-12-07 09:55:56,true
570,473,972,message,Just wanted to say hi!,2017-01-14 09:42:39,false
571,229,906,message,What's for dinner tonight?,2013-10-09 16:29:28,true
572,706,182,story,Can you pick up some milk on your way home?,2019-10-14 05:38:00,true
573,385,556,message,Can you pick up some milk on your way home?,2017-10-02 22:49:55,true
574,162,62,story,Hello,2010-12-16 20:53:50,false
575,621,375,message,see you soon!,2016-04-22 22:41:39,true
576,268,266,story,see you soon!,2017-05-23 22:00:05,false
577,350,935,message,What's for dinner tonight?,2016-06-20 01:18:12,true
578,822,545,message,how are you?,2012-08-24 14:26:58,false
579,356,742,message,I'm running late,2018-11-05 00:59:20,false
580,323,820,story,Can you pick up some milk on your way home?,2015-11-04 14:13:07,false
581,774,392,message,Just wanted to say hi!,2019-09-22 09:52:39,true
582,241,665,message,Hello,2017-12-02 23:12:53,false
583,116,58,message,how are you?,2018-07-17 19:39:36,true
584,620,500,message,Can you pick up some milk on your way home?,2015-09-06 10:04:25,true
585,688,849,message,see you soon!,2010-03-17 00:42:23,true
586,602,640,message,Hello,2017-01-13 02:26:21,true
587,599,294,story,see you soon!,2018-03-07 06:30:24,true
588,489,339,story,Just wanted to say hi!,2019-10-07 16:28:17,false
589,774,915,story,Just wanted to say hi!,2020-01-20 23:51:11,true
590,74,928,story,Just wanted to say hi!,2011-06-11 20:15:14,true
591,457,829,story,Can you pick up some milk on your way home?,2014-05-07 11:24:02,true
592,155,96,story,how are you?,2012-07-08 00:03:35,false
593,606,677,message,how are you?,2017-12-12 18:24:45,true
594,515,325,message,What's for dinner tonight?,2016-08-14 15:16:14,false
595,561,634,story,Just wanted to say hi!,2018-09-08 13:59:12,false
596,817,247,story,Hello,2010-01-12 23:26:09,true
597,163,636,story,Hello,2013-11-09 18:38:15,false
598,695,851,message,What's for dinner tonight?,2017-08-30 04:41:03,false
599,470,60,story,Hello,2012-02-24 22:36:51,true
600,981,691,story,Hello,2010-02-19 14:17:07,false
601,288,881,message,What's for dinner tonight?,2014-04-19 19:52:00,true
602,492,432,message,Hello,2020-01-16 20:38:27,false
603,723,918,message,Can you pick up some milk on your way home?,2020-07-23 15:05:26,true
604,718,452,story,how are you?,2013-10-31 21:03:24,false
605,59,492,story,how are you?,2012-09-24 10:08:16,true
606,796,166,story,how are you?,2016-12-09 04:09:52,true
607,425,142,message,Can you pick up some milk on your way home?,2011-10-24 02:25:20,true
608,762,580,message,Just wanted to say hi!,2017-03-09 08:46:08,true
609,623,108,message,Hello,2014-10-13 00:48:47,false
610,240,707,message,Can you pick up some milk on your way home?,2011-02-21 13:26:09,true
611,849,627,message,Hello,2012-08-06 17:36:27,true
612,511,297,message,see you soon!,2014-06-12 00:20:54,false
613,421,895,message,I'm running late,2019-07-07 00:56:45,true
614,41,756,message,Hello,2018-05-10 14:20:43,true
615,558,371,story,Just wanted to say hi!,2017-05-27 22:51:11,false
616,427,6,story,see you soon!,2010-04-14 18:38:52,false
617,163,703,message,see you soon!,2018-07-11 04:11:12,true
618,50,359,message,Just wanted to say hi!,2016-01-05 12:27:12,true
619,384,376,story,Hello,2014-09-24 12:27:13,false
620,463,64,message,Just wanted to say hi!,2019-06-08 16:22:11,false
621,918,417,message,What's for dinner tonight?,2015-05-29 18:04:17,false
622,367,729,message,how are you?,2014-12-08 12:20:15,false
623,291,107,story,Just wanted to say hi!,2012-08-12 01:30:09,true
624,419,950,story,What's for dinner tonight?,2018-12-29 18:21:45,false
625,611,611,story,see you soon!,2013-12-18 23:44:19,true
626,664,485,story,Can you pick up some milk on your way home?,2014-10-11 07:49:41,false
627,904,858,message,Can you pick up some milk on your way home?,2016-07-06 06:46:19,true
628,862,116,message,Hello,2012-12-21 06:27:53,true
629,163,341,message,Hello,2020-02-21 00:56:10,true
630,169,915,message,Just wanted to say hi!,2017-10-06 20:12:33,false
631,77,373,message,Can you pick up some milk on your way home?,2019-07-18 04:54:10,true
632,341,432,story,see you soon!,2019-12-10 13:26:40,true
633,710,754,story,how are you?,2012-01-29 02:23:16,false
634,490,665,story,Just wanted to say hi!,2020-02-17 20:18:01,false
635,661,516,message,I'm running late,2018-01-02 15:48:33,false
636,587,43,message,see you soon!,2019-07-20 06:20:05,true
637,179,170,message,What's for dinner tonight?,2020-02-12 01:22:05,false
638,858,936,message,how are you?,2020-12-25 10:38:32,true
639,564,112,story,Hello,2020-10-07 14:55:34,false
640,197,802,message,Hello,2016-03-05 22:44:56,false
641,754,969,story,Hello,2020-08-05 04:39:30,true
642,29,116,story,What's for dinner tonight?,2015-10-21 12:24:35,true
643,646,959,message,Just wanted to say hi!,2012-12-03 20:42:44,false
644,585,143,story,I'm running late,2015-09-14 04:04:31,true
645,481,162,story,I'm running late,2016-09-22 19:20:35,true
646,184,349,story,Hello,2010-03-31 18:09:37,true
647,144,473,message,how are you?,2020-07-18 16:17:51,false
648,775,852,story,What's for dinner tonight?,2013-07-01 08:10:07,false
649,409,428,story,how are you?,2020-10-08 19:21:16,true
650,327,635,story,Just wanted to say hi!,2018-10-20 18:55:04,true
651,321,744,message,how are you?,2011-06-15 16:59:56,true
652,660,973,message,Hello,2016-06-21 06:37:52,false
653,836,772,story,see you soon!,2010-03-01 04:52:47,false
654,959,71,message,I'm running late,2016-07-20 04:06:36,false
655,87,998,story,Hello,2011-09-26 22:53:26,true
656,194,646,message,Hello,2017-07-04 03:26:49,false
657,452,470,story,Hello,2019-11-15 06:45:35,false
658,746,294,story,Hello,2015-01-20 15:58:40,false
659,397,237,message,see you soon!,2018-09-10 22:30:05,true
660,182,751,story,I'm running late,2012-12-26 17:45:46,true
661,234,184,story,see you soon!,2012-01-29 07:31:58,true
662,88,954,message,What's for dinner tonight?,2015-08-19 21:49:18,false
663,824,582,story,I'm running late,2012-06-21 11:26:14,false
664,622,640,message,Hello,2019-06-27 00:47:26,true
665,53,221,story,Just wanted to say hi!,2011-06-27 17:17:05,true
666,164,541,message,Can you pick up some milk on your way home?,2011-09-11 05:24:58,false
667,833,380,message,Can you pick up some milk on your way home?,2020-01-25 11:25:39,false
668,385,48,story,how are you?,2014-07-13 19:39:28,false
669,748,27,story,how are you?,2017-10-01 02:13:57,true
670,159,212,message,see you soon!,2013-12-11 14:16:21,false
671,786,373,message,Can you pick up some milk on your way home?,2011-11-22 18:33:27,true
672,900,523,message,What's for dinner tonight?,2020-12-14 20:52:35,true
673,583,816,message,Hello,2020-04-22 18:43:18,false
674,483,567,story,Can you pick up some milk on your way home?,2015-03-14 01:00:10,false
675,546,273,story,I'm running late,2010-05-08 07:50:41,false
676,164,505,story,see you soon!,2013-06-18 04:24:24,false
677,223,226,message,What's for dinner tonight?,2018-09-12 07:41:39,false
678,821,927,message,see you soon!,2011-12-31 20:33:07,true
679,866,531,story,Can you pick up some milk on your way home?,2014-11-03 05:34:51,true
680,452,253,story,Can you pick up some milk on your way home?,2018-03-23 02:34:53,true
681,310,682,message,see you soon!,2016-03-20 04:16:25,false
682,226,709,message,see you soon!,2016-02-03 06:11:28,true
683,306,680,story,how are you?,2013-05-24 14:15:31,false
684,956,422,story,I'm running late,2014-12-04 01:41:30,true
685,601,767,message,see you soon!,2015-03-27 13:49:03,true
686,227,964,story,how are you?,2019-05-01 05:08:32,false
687,638,165,story,Can you pick up some milk on your way home?,2016-08-02 04:59:47,false
688,872,991,message,Just wanted to say hi!,2016-07-18 00:02:56,false
689,918,337,story,Can you pick up some milk on your way home?,2015-05-05 01:27:15,false
690,912,946,message,Can you pick up some milk on your way home?,2014-02-13 06:34:30,true
691,705,246,message,Hello,2016-04-07 00:54:15,true
692,301,875,message,I'm running late,2012-04-05 05:39:09,true
693,240,316,story,I'm running late,2012-09-05 06:59:12,true
694,251,573,story,how are you?,2010-08-03 08:52:28,false
695,162,636,message,how are you?,2016-09-28 10:05:56,true
696,342,334,message,Just wanted to say hi!,2018-12-06 21:40:56,true
697,764,137,message,Just wanted to say hi!,2016-08-29 16:06:33,true
698,330,620,story,Can you pick up some milk on your way home?,2013-05-20 09:13:04,false
699,252,849,story,I'm running late,2018-07-10 22:20:47,true
700,732,472,message,I'm running late,2016-05-24 15:06:04,true
701,264,812,story,What's for dinner tonight?,2017-08-16 09:34:52,false
702,762,237,story,What's for dinner tonight?,2018-04-15 07:52:30,true
703,113,100,story,Just wanted to say hi!,2013-06-25 00:32:18,true
704,299,371,message,Can you pick up some milk on your way home?,2011-03-08 23:16:11,true
705,505,684,message,Can you pick up some milk on your way home?,2013-12-02 08:08:35,true
706,506,824,message,how are you?,2013-10-07 01:30:34,true
707,863,366,message,Can you pick up some milk on your way home?,2020-05-11 19:09:09,false
708,810,990,message,how are you?,2018-07-22 08:59:27,true
709,815,805,story,Hello,2010-01-13 23:58:25,false
710,432,752,message,Can you pick up some milk on your way home?,2019-02-25 03:20:39,true
711,986,788,message,Just wanted to say hi!,2012-06-08 04:51:51,false
712,750,884,message,I'm running late,2013-11-14 03:06:51,false
713,880,56,message,how are you?,2010-10-31 04:09:08,true
714,495,583,message,Can you pick up some milk on your way home?,2020-09-05 08:47:01,false
715,826,803,story,see you soon!,2012-01-03 18:47:36,true
716,985,189,message,I'm running late,2011-06-28 04:30:16,false
717,208,604,story,What's for dinner tonight?,2014-01-30 18:47:17,false
718,38,906,message,I'm running late,2014-06-17 14:04:00,false
719,564,418,story,how are you?,2016-04-27 02:20:39,true
720,922,130,story,Can you pick up some milk on your way home?,2015-10-20 06:11:35,false
721,241,991,message,Can you pick up some milk on your way home?,2011-02-04 01:05:34,true
722,41,873,story,Can you pick up some milk on your way home?,2013-07-03 01:21:32,true
723,108,53,message,how are you?,2014-02-05 15:36:06,true
724,876,726,story,see you soon!,2017-08-29 17:38:40,true
725,94,735,message,how are you?,2015-12-20 07:29:07,false
726,978,599,story,how are you?,2018-01-14 12:10:11,false
727,171,309,message,What's for dinner tonight?,2016-11-01 12:47:33,false
728,320,320,story,What's for dinner tonight?,2017-07-08 19:16:44,true
729,730,966,message,see you soon!,2012-04-10 12:32:00,false
730,412,123,message,What's for dinner tonight?,2018-01-12 13:35:24,false
731,793,524,message,how are you?,2016-01-05 17:22:38,false
732,770,775,message,how are you?,2020-02-04 22:26:45,true
733,94,275,message,Can you pick up some milk on your way home?,2016-05-28 03:41:58,true
734,395,951,message,Hello,2014-01-27 06:41:27,true
735,242,994,story,Can you pick up some milk on your way home?,2018-08-21 07:54:36,true
736,734,485,story,Just wanted to say hi!,2010-01-09 12:12:02,false
737,791,694,story,What's for dinner tonight?,2015-02-24 14:12:29,true
738,477,12,message,Just wanted to say hi!,2016-11-23 01:57:31,true
739,874,440,message,Just wanted to say hi!,2017-08-17 03:14:43,true
740,388,565,message,What's for dinner tonight?,2016-08-22 14:26:23,false
741,938,464,story,see you soon!,2014-03-29 19:05:02,false
742,506,156,message,I'm running late,2013-02-10 15:00:43,false
743,262,874,message,Just wanted to say hi!,2017-02-23 20:11:32,true
744,107,911,story,Can you pick up some milk on your way home?,2010-11-28 18:45:30,false
745,370,852,message,I'm running late,2015-10-12 14:12:28,false
746,489,173,message,how are you?,2016-05-06 11:12:09,true
747,947,633,message,how are you?,2011-12-26 05:06:29,false
748,307,297,story,Just wanted to say hi!,2014-09-22 23:38:35,false
749,210,768,message,Can you pick up some milk on your way home?,2010-05-12 07:39:31,false
750,184,896,message,Can you pick up some milk on your way home?,2018-09-28 13:15:28,true
751,528,654,story,Hello,2020-10-22 00:36:56,false
752,4,645,story,see you soon!,2017-04-15 21:31:44,true
753,64,718,message,Just wanted to say hi!,2018-12-05 12:06:44,false
754,257,540,story,how are you?,2017-01-05 07:28:59,false
755,595,211,story,Hello,2013-05-27 21:12:17,true
756,886,301,story,how are you?,2020-10-30 04:58:09,true
757,225,473,story,I'm running late,2012-09-28 07:00:08,false
758,648,212,message,Just wanted to say hi!,2016-01-10 16:54:25,false
759,513,420,message,Hello,2016-09-11 08:01:21,true
760,73,888,story,how are you?,2020-01-07 07:24:50,false
761,265,146,story,Just wanted to say hi!,2013-03-26 17:36:24,true
762,5,983,message,see you soon!,2018-06-18 20:44:12,true
763,640,313,message,Hello,2015-10-18 07:20:38,false
764,935,374,message,What's for dinner tonight?,2013-09-15 14:49:21,false
765,36,438,story,What's for dinner tonight?,2019-04-30 06:13:00,true
766,391,292,message,I'm running late,2010-09-09 19:07:56,false
767,281,901,message,Hello,2020-12-02 16:17:15,true
768,64,598,message,Can you pick up some milk on your way home?,2013-03-21 09:25:15,false
769,141,731,message,Can you pick up some milk on your way home?,2018-04-21 22:23:05,false
770,662,642,message,see you soon!,2017-09-01 10:36:59,true
771,350,777,story,Can you pick up some milk on your way home?,2013-12-28 09:31:39,true
772,406,41,message,Hello,2020-12-16 17:52:36,true
773,307,983,story,Hello,2015-01-25 04:11:32,false
774,650,814,story,Hello,2020-06-26 11:06:51,false
775,376,591,message,What's for dinner tonight?,2016-11-05 20:38:36,true
776,868,907,story,Can you pick up some milk on your way home?,2017-04-24 23:29:41,false
777,912,317,message,What's for dinner tonight?,2016-12-31 10:11:02,true
778,974,33,story,Can you pick up some milk on your way home?,2012-06-18 07:13:23,false
779,104,497,message,Can you pick up some milk on your way home?,2010-12-29 08:38:09,false
780,132,520,message,Hello,2015-01-29 21:23:44,true
781,72,628,story,see you soon!,2017-10-28 22:57:41,true
782,852,992,story,What's for dinner tonight?,2011-12-03 21:27:36,true
783,150,176,message,see you soon!,2012-03-23 04:27:23,false
784,323,105,story,What's for dinner tonight?,2016-08-14 08:37:10,false
785,330,483,story,Just wanted to say hi!,2020-05-22 23:02:10,true
786,486,75,story,Just wanted to say hi!,2011-06-16 04:07:03,false
787,985,783,story,What's for dinner tonight?,2017-03-17 10:37:14,false
788,606,372,message,how are you?,2016-01-21 23:51:29,true
789,64,423,message,Can you pick up some milk on your way home?,2010-04-14 05:53:13,false
790,133,424,message,how are you?,2010-03-10 19:28:20,false
791,199,591,message,I'm running late,2013-06-07 02:42:04,false
792,813,869,message,I'm running late,2011-10-31 07:49:29,true
793,195,819,story,I'm running late,2015-08-27 21:48:22,false
794,394,825,message,What's for dinner tonight?,2017-05-17 08:25:16,true
795,769,346,story,Just wanted to say hi!,2013-05-25 05:16:20,true
796,174,162,story,how are you?,2015-11-18 17:51:38,true
797,946,68,message,Just wanted to say hi!,2016-10-12 00:48:19,false
798,66,191,story,see you soon!,2010-02-18 06:55:17,true
799,13,98,story,how are you?,2011-05-12 23:31:42,false
800,268,606,story,What's for dinner tonight?,2016-07-02 04:33:55,false
801,607,78,story,Just wanted to say hi!,2017-08-14 17:11:41,true
802,42,686,message,Just wanted to say hi!,2015-12-08 03:21:11,false
803,858,787,message,Can you pick up some milk on your way home?,2014-02-06 13:38:37,true
804,950,20,story,Can you pick up some milk on your way home?,2016-12-01 13:21:14,true
805,269,677,story,how are you?,2019-01-02 08:24:31,true
806,92,646,story,Just wanted to say hi!,2013-12-05 12:25:48,true
807,720,124,story,I'm running late,2012-05-18 19:18:56,true
808,748,842,message,Just wanted to say hi!,2015-03-13 10:28:24,true
809,190,8,message,see you soon!,2019-04-18 09:24:42,false
810,551,558,message,Just wanted to say hi!,2011-09-12 08:28:13,false
811,863,461,story,see you soon!,2016-12-31 13:35:26,true
812,182,477,story,What's for dinner tonight?,2011-12-05 19:41:52,false
813,317,734,message,Hello,2015-10-04 02:11:44,false
814,517,563,message,Hello,2012-08-15 05:19:15,true
815,696,310,message,Can you pick up some milk on your way home?,2018-12-11 20:04:35,true
816,973,701,message,how are you?,2015-08-29 13:34:32,true
817,100,563,message,see you soon!,2014-12-20 11:01:52,false
818,940,564,message,see you soon!,2014-06-15 02:13:14,true
819,153,654,story,see you soon!,2012-04-23 12:35:50,false
820,429,841,story,see you soon!,2012-12-04 08:16:59,false
821,694,498,message,Can you pick up some milk on your way home?,2015-12-16 13:21:48,true
822,271,844,story,how are you?,2019-10-11 14:51:20,true
823,512,295,message,I'm running late,2014-04-21 16:29:24,true
824,495,352,message,how are you?,2012-07-25 18:05:08,false
825,893,38,story,What's for dinner tonight?,2017-11-29 21:03:16,true
826,392,226,story,Just wanted to say hi!,2019-10-27 18:04:17,true
827,637,329,story,Hello,2019-12-18 21:16:27,false
828,83,403,message,What's for dinner tonight?,2016-09-26 10:32:18,false
829,978,937,message,What's for dinner tonight?,2016-11-18 10:06:05,true
830,484,588,story,how are you?,2017-07-12 00:44:20,true
831,997,309,message,What's for dinner tonight?,2017-06-20 05:50:46,true
832,499,788,story,Can you pick up some milk on your way home?,2012-06-23 12:57:37,false
833,133,586,message,What's for dinner tonight?,2017-01-23 06:48:26,false
834,524,827,story,What's for dinner tonight?,2017-07-04 22:38:45,false
835,805,733,message,see you soon!,2016-05-17 21:21:41,true
836,316,7,message,see you soon!,2019-02-08 12:42:11,false
837,876,983,story,Can you pick up some milk on your way home?,2010-06-15 05:07:37,false
838,582,580,story,I'm running late,2016-11-12 23:03:02,false
839,84,389,message,Can you pick up some milk on your way home?,2011-03-12 13:30:42,false
840,291,521,message,What's for dinner tonight?,2020-05-24 11:56:25,false
841,213,667,message,I'm running late,2019-11-01 19:01:17,false
842,856,488,message,I'm running late,2014-12-04 23:09:07,false
843,370,404,message,Can you pick up some milk on your way home?,2013-12-12 19:59:53,true
844,309,477,story,how are you?,2014-06-12 23:45:01,false
845,435,325,message,Just wanted to say hi!,2017-03-05 07:41:47,true
846,424,763,message,how are you?,2018-12-15 09:51:17,false
847,752,387,story,Just wanted to say hi!,2017-02-20 21:52:03,false
848,654,621,story,see you soon!,2013-04-29 22:29:10,true
849,885,779,story,how are you?,2018-01-01 14:14:59,false
850,54,409,message,I'm running late,2019-03-18 23:38:36,true
851,733,856,message,Just wanted to say hi!,2016-12-15 01:04:07,true
852,121,578,story,What's for dinner tonight?,2015-11-01 21:24:30,false
853,433,995,message,What's for dinner tonight?,2011-11-07 03:25:55,false
854,270,722,message,Hello,2017-08-18 13:17:55,true
855,654,286,story,see you soon!,2010-01-22 16:31:47,false
856,327,559,story,Can you pick up some milk on your way home?,2013-03-27 03:43:51,false
857,453,884,story,Hello,2017-06-12 14:11:41,true
858,696,603,story,I'm running late,2013-07-29 11:00:15,false
859,433,610,message,see you soon!,2010-12-14 01:20:04,true
860,477,67,story,What's for dinner tonight?,2020-12-22 10:51:36,false
861,235,59,story,Hello,2015-09-12 21:43:10,false
862,585,635,message,see you soon!,2014-03-09 12:46:47,false
863,541,510,story,how are you?,2017-11-17 12:51:25,true
864,724,281,message,see you soon!,2020-01-20 11:30:56,true
865,638,318,message,Can you pick up some milk on your way home?,2011-09-29 18:36:26,true
866,649,41,message,What's for dinner tonight?,2018-07-30 20:35:10,false
867,311,216,story,see you soon!,2011-08-02 05:25:02,false
868,471,719,story,Hello,2010-10-09 01:47:15,true
869,936,841,message,Can you pick up some milk on your way home?,2013-01-07 20:58:36,false
870,441,110,story,how are you?,2020-02-13 19:11:21,false
871,702,859,message,I'm running late,2011-09-07 06:27:31,true
872,135,789,message,Just wanted to say hi!,2018-02-01 19:36:23,false
873,514,109,story,What's for dinner tonight?,2019-08-01 16:27:15,true
874,343,810,story,What's for dinner tonight?,2014-03-24 20:21:44,false
875,475,172,message,Can you pick up some milk on your way home?,2018-04-18 03:11:31,false
876,48,296,story,how are you?,2016-05-24 13:39:14,true
877,603,837,story,What's for dinner tonight?,2014-12-22 02:51:28,false
878,295,451,message,What's for dinner tonight?,2013-07-14 22:25:05,true
879,125,566,message,I'm running late,2018-04-20 17:44:01,false
880,258,499,story,how are you?,2012-04-08 14:57:38,false
881,95,284,message,Hello,2019-05-21 18:31:34,true
882,626,10,message,Can you pick up some milk on your way home?,2016-04-11 14:54:06,true
883,211,488,story,What's for dinner tonight?,2015-06-11 00:31:42,false
884,351,100,message,Hello,2014-12-20 11:29:02,true
885,103,212,message,Hello,2018-09-15 10:52:03,false
886,140,335,story,see you soon!,2014-05-13 01:41:11,false
887,550,953,message,Hello,2012-08-11 21:34:19,true
888,178,79,message,how are you?,2020-04-05 10:17:56,true
889,168,622,story,I'm running late,2019-04-08 18:39:04,true
890,14,631,message,how are you?,2018-12-03 20:24:17,true
891,235,82,message,What's for dinner tonight?,2016-01-01 03:45:32,false
892,709,376,story,What's for dinner tonight?,2018-04-22 22:29:09,false
893,24,450,message,Just wanted to say hi!,2010-05-14 23:05:29,false
894,611,223,story,I'm running late,2014-06-09 15:28:41,false
895,327,561,story,Just wanted to say hi!,2020-02-21 04:42:48,false
896,350,621,story,I'm running late,2012-08-24 11:30:08,false
897,686,394,message,Just wanted to say hi!,2017-03-12 23:39:09,false
898,561,773,story,What's for dinner tonight?,2012-08-24 10:57:11,false
899,747,322,message,What's for dinner tonight?,2019-04-21 08:34:16,false
900,227,167,story,how are you?,2019-11-29 06:58:47,true
901,172,526,message,What's for dinner tonight?,2012-01-20 09:23:00,false
902,204,869,story,Just wanted to say hi!,2017-11-12 08:31:31,true
903,587,780,story,Can you pick up some milk on your way home?,2014-11-05 02:32:56,false
904,597,2,story,Can you pick up some milk on your way home?,2019-12-31 02:27:25,false
905,648,565,story,Can you pick up some milk on your way home?,2013-08-30 17:38:21,false
906,842,486,story,What's for dinner tonight?,2010-05-14 03:21:29,false
907,355,613,story,see you soon!,2018-09-12 00:17:55,true
908,374,891,story,Hello,2010-06-29 16:33:23,true
909,456,357,message,Can you pick up some milk on your way home?,2013-07-19 16:44:30,true
910,685,310,message,Just wanted to say hi!,2016-01-15 13:39:44,false
911,104,756,story,What's for dinner tonight?,2012-08-07 02:57:28,false
912,230,717,story,What's for dinner tonight?,2016-05-05 07:15:44,true
913,405,978,message,see you soon!,2017-10-29 19:53:42,false
914,712,978,message,see you soon!,2018-12-05 22:10:23,false
915,233,250,story,What's for dinner tonight?,2020-04-21 14:58:50,false
916,279,999,story,Can you pick up some milk on your way home?,2014-05-25 14:06:14,false
917,344,199,story,how are you?,2016-08-22 22:35:22,false
918,409,656,message,Can you pick up some milk on your way home?,2018-03-11 12:27:28,false
919,982,408,message,Just wanted to say hi!,2013-10-16 02:31:20,false
920,145,272,message,I'm running late,2016-11-29 23:59:27,false
921,799,993,story,Hello,2015-02-13 11:19:48,false
922,707,397,story,What's for dinner tonight?,2016-05-21 19:00:05,false
923,563,182,message,Just wanted to say hi!,2016-07-20 07:56:12,false
924,962,16,story,Hello,2014-01-01 20:58:31,true
925,755,920,message,I'm running late,2020-12-26 06:10:10,false
926,35,509,story,What's for dinner tonight?,2020-11-06 00:15:29,false
927,708,882,message,I'm running late,2017-04-24 22:19:09,false
928,797,808,message,Can you pick up some milk on your way home?,2013-03-31 13:07:08,true
929,858,577,story,I'm running late,2014-07-21 05:05:06,true
930,376,752,story,see you soon!,2020-10-29 04:25:54,true
931,595,191,story,What's for dinner tonight?,2010-01-16 15:02:09,false
932,898,167,story,Just wanted to say hi!,2014-06-15 13:08:06,true
933,438,886,story,Can you pick up some milk on your way home?,2016-12-04 01:09:47,false
934,575,191,message,Just wanted to say hi!,2014-07-07 06:34:37,false
935,159,500,story,see you soon!,2013-08-21 03:22:18,true
936,804,460,story,I'm running late,2015-01-04 17:52:13,true
937,756,257,message,how are you?,2019-04-03 20:24:58,false
938,869,180,story,Just wanted to say hi!,2013-11-10 03:21:20,false
939,603,246,story,Hello,2020-01-21 12:58:23,false
940,723,448,story,how are you?,2012-09-26 06:32:52,false
941,219,563,message,Hello,2019-06-17 06:05:47,true
942,393,294,message,Hello,2017-12-17 09:15:18,false
943,65,583,message,I'm running late,2018-11-17 08:42:25,false
944,925,676,story,how are you?,2019-02-26 00:28:05,true
945,390,172,message,how are you?,2013-07-18 14:06:49,false
946,109,924,story,Just wanted to say hi!,2015-08-19 18:04:47,false
947,373,270,story,how are you?,2015-09-05 19:36:55,true
948,222,573,story,Just wanted to say hi!,2016-09-28 08:33:05,false
949,548,567,message,Just wanted to say hi!,2012-11-21 16:33:55,true
950,529,103,story,see you soon!,2017-01-09 18:25:31,false
951,949,753,message,Hello,2018-01-18 09:29:54,true
952,467,314,story,Just wanted to say hi!,2010-05-30 13:46:29,true
953,791,597,story,Can you pick up some milk on your way home?,2010-11-07 23:20:09,false
954,448,992,story,see you soon!,2014-05-27 00:41:51,false
955,238,895,message,Just wanted to say hi!,2016-05-19 18:48:56,true
956,704,784,message,Can you pick up some milk on your way home?,2016-09-12 15:28:13,false
957,128,645,message,Hello,2010-08-10 06:53:21,false
958,970,665,message,Hello,2015-04-13 15:26:09,false
959,523,634,message,Just wanted to say hi!,2019-04-01 08:58:43,true
960,814,217,message,What's for dinner tonight?,2016-08-09 17:37:23,true
961,81,699,message,Hello,2016-09-22 17:25:03,true
962,521,32,message,Hello,2010-05-04 00:14:33,true
963,474,713,story,how are you?,2015-01-18 21:21:20,true
964,575,942,story,Just wanted to say hi!,2017-07-03 01:05:59,false
965,966,925,story,see you soon!,2017-04-24 22:56:20,true
966,388,71,message,how are you?,2015-07-12 23:05:20,false
967,862,131,message,What's for dinner tonight?,2013-09-01 05:27:29,true
968,211,601,story,see you soon!,2015-10-31 19:07:40,true
969,157,558,message,Can you pick up some milk on your way home?,2012-06-28 00:24:22,false
970,639,296,story,Just wanted to say hi!,2018-06-30 10:04:28,true
971,768,382,story,What's for dinner tonight?,2016-06-14 06:43:21,true
972,132,889,message,Just wanted to say hi!,2013-01-04 04:10:08,true
973,151,720,message,I'm running late,2012-06-30 01:25:47,false
974,110,39,message,Hello,2020-01-11 17:36:36,true
975,351,60,story,see you soon!,2019-04-02 04:44:57,false
976,105,211,message,how are you?,2015-06-12 12:13:44,true
977,631,927,story,I'm running late,2018-10-12 02:14:35,true
978,328,861,message,Hello,2010-08-25 17:18:17,true
979,470,958,message,Can you pick up some milk on your way home?,2016-07-11 01:04:49,true
980,207,821,message,see you soon!,2019-12-05 15:42:54,true
981,368,106,story,see you soon!,2011-10-16 01:03:14,true
982,763,725,story,see you soon!,2013-11-24 10:42:45,true
983,220,751,message,how are you?,2015-02-18 03:44:56,true
984,408,109,message,Just wanted to say hi!,2012-05-29 17:07:15,false
985,505,138,message,I'm running late,2011-02-07 22:24:34,false
986,149,164,message,how are you?,2016-07-13 23:29:01,true
987,943,788,message,Hello,2010-01-27 11:51:19,true
988,759,541,story,Just wanted to say hi!,2020-11-15 03:21:36,false
989,625,84,story,how are you?,2019-06-24 17:53:22,true
990,746,243,story,how are you?,2017-02-05 03:56:02,false
991,329,405,message,I'm running late,2015-10-23 15:32:35,false
992,299,484,message,Just wanted to say hi!,2011-01-05 15:51:37,true
993,9,227,story,Just wanted to say hi!,2020-04-04 17:52:50,true
994,563,658,message,What's for dinner tonight?,2011-08-21 21:59:28,true
995,739,784,message,What's for dinner tonight?,2015-05-12 11:18:05,false
996,327,308,story,see you soon!,2010-02-16 11:57:39,false
997,354,953,message,how are you?,2015-02-03 09:25:06,false
998,69,512,message,how are you?,2019-07-05 08:12:38,true
999,53,756,story,Hello,2016-10-21 23:45:12,false
1000,126,458,message,I'm running late,2019-08-08 12:58:49,false
